Số thứ tự,Tên báo,Tác giả,Ngày xuất bản,Tên số báo
13,Đánh giá kết quả sớm phẫu thuật cái hóa ngón trỏ ở bệnh nhi thiểu sản ngón cái bẩm sinh,"Hoàng Hải Đức, Tạ Trần Tùng, Tạ Trần Tùng","May 25, 2022",Tập 6 S. 4
4,Các yếu tố giúp tiên đoán áp xe tồn lưu sau mổ viêm ruột thừa vỡ ở trẻ em,"Nguyễn Thị Tường Lam, Hồ Phi Duy, Phạm Quốc Tùng, Huỳnh Thị Phụng Chân, Trương Đình Khải","May 25, 2022",Tập 6 S. 4
11,Vi phẫu thuật u vùng tuyến tùng ở trẻ em,Đặng Đỗ Thanh Cần,"May 25, 2022",Tập 6 S. 4
12,Điều trị các trường hợp bàn tay hồng mất mạch trong gãy trên lồi cầu xương cánh tay trẻ em,"Trần Như Quỳnh, Phan Đức Minh Mẫn","May 25, 2022",Tập 6 S. 4
9,Kết quả điều trị động kinh kháng thuốc bằng phẫu thuật cắt liên kết bán cầu tại Bệnh viện Nhi Trung ương,"Lê Tuấn Anh, Hồ Trung Luân, Lê Nam Thắng","May 25, 2022",Tập 6 S. 4
3,Chuyển vị dạ dày: Hồi cứu và kinh nghiệm bước đầu,"Trần Tuyến, Vương Minh Chiều","May 25, 2022",Tập 6 S. 4
10,Phẫu thuật nội soi điều trị u vỏ thượng thận ở trẻ em: Báo cáo một ca lâm sàng và tổng kết y văn,"Châu Nguyễn Tuyết Vân, Huỳnh Cao Nhân, Trương Trọng Nhân, Trương Đình Khải","May 25, 2022",Tập 6 S. 4
8,Phế quản xuất phát từ thực quản: Báo cáo 1 trường hợp và xem lại y văn,"Chiêm Hoàng Duy, Trương Mạnh Điền, Trần Minh Tân, Dương Quốc Tường, Nguyễn Kinh Bang","May 25, 2022",Tập 6 S. 4
36,Báo cáo một trường hợp nang lách ở trẻ em được điều trị thành công bằng phẫu thuật nội soi cắt lách bán phần,"Vũ Trường Nhân, Lê Hữu Đăng, Lê Sĩ Phong, Phạm Ngọc Thạch","May 25, 2022",Tập 6 S. 4
5,Điều trị phẫu thuật u não dưới hướng dẫn của siêu âm ở trẻ em tại Bệnh viện Đa khoa Xanh Pôn: Nhân 2 trường hợp,"Nguyễn Việt Đức, Dương Trung Kiên, Nguyễn Đình Hưng, Nguyễn Mạnh Hùng, Dương Đại Hà, Đinh Trung Thành, Vũ Ngọc Anh","May 25, 2022",Tập 6 S. 4
1,Báo cáo ca bệnh: Phẫu thuật nội soi điều trị viêm túi thừa manh tràng tại Bệnh viện Nhi đồng Cần Thơ,"Võ Quang Huy, Trần Việt Hoàng, Nguyễn Quốc Huy, Tạ Vũ Quỳnh","May 25, 2022",Tập 6 S. 4
2,Bệnh túi thừa non-meckel ở trẻ em nhân một trường hợp ca bệnh túi thừa góc hồi manh tràng tại Bệnh viện Nhi Thanh Hóa,"Nguyễn Đình Vương, Dương Văn Thông, Mai Khắc Hà, Đỗ Huy Hoàng, Lê Huy Tùng, Phạm Văn Dũng, Nguyễn Anh Tuấn","May 25, 2022",Tập 6 S. 4
7,Viêm túi thừa đại tràng phải giả viêm ruột thừa ở trẻ em: Báo cáo 4 trường hợp,"Trương Ánh Linh, Lê Xuân Trung Hiếu, Đinh Việt Hưng","May 25, 2022",Tập 6 S. 4
6,Điều trị lồng ruột do Polyp Peutz Jeghers ở trẻ em,"Phạm Duy Hiền, Vũ Mạnh Hoàn, Trần Xuân Nam , Nguyễn Công Sơn","May 25, 2022",Tập 6 S. 3
14,Điều trị thận móng ngựa ứ nước ở trẻ em,"Hồ Trung Cường, Phạm Nguyễn Hiền Nhân, Nguyễn Trần Minh Quỳnh, Nguyễn Thị Anh Đào, Trần Đại Phú, Huỳnh Công Chấn, Nguyễn Thị Trúc Linh, Lê Thanh Hùng","May 25, 2022",Tập 6 S. 3
16,Phẫu thuật cắt thùy phổi nội soi điều trị dị dạng phổi bẩm sinh trẻ em,"Nguyễn Trần Việt Tánh, Lê Sĩ Phong, Lê Thị Duyên Ngọc, Phan Thảo Nguyên, Phạm Ngọc Thạch, Vũ Trường Nhân","May 25, 2022",Tập 6 S. 3
34,Kết quả điều trị Phẫu thuật u sọ hầu tại Bệnh viện Nhi Trung ương,"Lê Nam Thắng, Hồ Trung Luân, Nguyễn Quốc Huy, Lê Tuấn Anh","May 25, 2022",Tập 6 S. 3
15,Hiệu quả của Phẫu thuật Meso-Rex bypass trong điều trị tắc nghẽn tĩnh mạch cửa ngoài gan ở trẻ em,"Ngô Kim Thơi; Phạm Quốc Tùng; Trương Ánh Linh, Nguyễn Hữu Chí, Đào Trung Hiếu","May 25, 2022",Tập 6 S. 3
20,Kết quả điều trị cong dương vật nặng trong lỗ tiểu thấp với mảnh ghép bì,"Lê Thanh Hùng, Huỳnh Công Chấn, Trần Đại Phú, Nguyễn Thị Anh Đào, Hồ Trung Cường, Nguyễn Trần Minh Quỳnh, Nguyễn Thị Trúc Linh","May 25, 2022",Tập 6 S. 3
35,Đánh giá kết quả bước đầu điều trị lõm xương ức bẩm sinh bằng phẫu thuật Nuss kết hợp nội soi tại Bệnh viện Nhi Thanh Hóa,"Nguyễn Công Hiệu, Nguyễn Văn Linh, Nguyễn Hữu Thành","May 25, 2022",Tập 6 S. 3
32,Áp-xe nang niệu rốn nặng ở trẻ em: Nhân 4 trường hợp,"Hoàng Minh Hùng, Lê Thanh Hùng","May 25, 2022",Tập 6 S. 3
24,Điều trị phẫu thuật lún dương vật bảo tồn bao qui đầu: Báo cáo 433 bệnh nhân,"Trần Ngọc Bích, Trần Ngọc Sơn","May 25, 2022",Tập 6 S. 3
28,"Nhân 1 trường hợp u hạch thần kinh trước xương cùng cụt: Chẩn đoán, điều trị và hồi cứu y văn","Lê Thọ Đức, Vũ Trường Nhân, Trương Đình Khải","May 25, 2022",Tập 6 S. 3
17,Điều trị phẫu thuật hẹp niệu đạo sau mổ lỗ tiểu thấp: Kinh nghiệm ở 49 bệnh nhân,"Trần Ngọc Bích, Trần Ngọc Sơn","May 25, 2022",Tập 6 S. 3
18,Phẫu thuật Puestow điều trị viêm tụy mạn ở trẻ em: Báo cáo 2 trường hợp lâm sàng,"Lý Nam Thịnh, Trần Tấn Lộc, Tạ Huy Cần","May 25, 2022",Tập 6 S. 3
27,Phẫu thuật nội soi điều trị thoát vị khe thực quản ở trẻ em:  Báo cáo một trường hợp bệnh,"Vũ Trường Nhân, Nguyễn Hiền, Trịnh Nguyễn Hạ Vi, Phạm Ngọc Thạch","May 25, 2022",Tập 6 S. 3
29,Xuất huyết tiêu hoá - tăng áp lực tĩnh mạch mạch cửa do lách lạc chỗ: Báo cáo một trường hợp,"Vũ Mạnh Hoàn, Nguyễn Thọ Anh, Trần Đức Tâm, Lê Đình Công, Nguyễn Phạm Anh Hoa, Phạm Duy Hiền","May 25, 2022",Tập 6 S. 3
19,Giá trị của sinh thiết lạnh trong phẫu thuật bệnh phình đại tràng vô hạch bẩm sinh,"Vương Minh Chiều, Vũ Trường  Nhân, Hứa Thị Hoài Thương, Phạm Ngọc Thạch","May 25, 2022",Tập 6 S. 3
21,Hội chứng huyết tán ure máu cao ở trẻ em,"Trần Đình Long, Nguyễn Thu  Hương","Apr 10, 2022",Tập 6 S.2
25,Vai trò của tương hợp HLA trong ghép thận trẻ em,"Hoàng Thị Diễm Thúy, Trần Đình Long","Apr 10, 2022",Tập 6 S.2
22,Lupus ban đỏ hệ thống (LED) ở trẻ em,"Trần Đình Long, Nguyễn Thị Quỳnh Hương","Apr 10, 2022",Tập 6 S.2
23,Chủng ngừa trong ghép tạng đặc,Hoàng Thị Diễm Thúy,"Apr 10, 2022",Tập 6 S.2
26,Thải ghép thể dịch ở trẻ em,"Trần Đình Long, Hoàng Thị Diễm Thúy","Apr 10, 2022",Tập 6 S.2
31,Hội chứng Alport ở trẻ em - Bệnh viêm thận di truyền có thể bỏ sót chẩn đoán: kinh nghiệm tại Bệnh viện Nhi đồng 1,"Nguyễn Đức Quang, Hoàng Vĩnh An, Trần Minh Dung, Thân Thị Thúy Hiền","Apr 10, 2022",Tập 6 S.2
41,"Đặc điểm lâm sàng, cận lâm sàng ở trẻ viêm thận Schonlein-Henoch tại Bệnh viện Nhi Trung ương","Nguyễn Thị Ngọc, Lê Thị  Thảo, Nguyễn Thu  Hương","Apr 10, 2022",Tập 6 S.2
30,"Đặc điểm lâm sàng, cận lâm sàng của trẻ trào ngược bàng quang niệu quan tiên phát có nhiễm khuẩn tiết niệu","Đàm Thị  Thảo, Tống Ngọc Huy, Trương Mạnh Tú, Thái Thiên Nam, Tạ Anh Tuấn, Nguyễn Thu  Hương","Apr 10, 2022",Tập 6 S.2
38,Vai trò của hệ thống điều phối trong hiến và ghép tạng,Dư Thị Ngọc Thu,"Apr 10, 2022",Tập 6 S.2
57,Nhận xét vai trò của thay huyết tương trong bệnh lupus ban đỏ hệ thống tổn thương đa cơ quan: báo cáo 2 trường hợp,"Lê Thỵ Phương Anh, Nguyễn Thị Diễm Chi, Phạm Kiều  Lộc, Bùi Bình Bảo Sơn, Trần Kiêm Hảo, Đào Văn  Thắng, Nguyễn Đắc  Lương, Nguyễn Ngọc Minh Châu, Đặng Ngọc Tuấn Anh, Nguyễn Đình  Cân , Châu Văn Hà , Phạm Hữu Trí, Tôn Nữ Vân Anh","Apr 10, 2022",Tập 6 S.2
45,Đột biến gene CR1 ở trẻ mắc bệnh cầu thận C3:  báo cáo ca bệnh,"Nguyễn Ngọc Huy, Nguyễn Thị Ngọc, Nguyễn Thị  Kiên, Trương Mạnh Tú, Lương Thị Phượng, Nguyễn Thu  Hương","Apr 10, 2022",Tập 6 S.2
40,Ứng dụng của biến thiên sinh học  trong thực hành lâm sàng,Trần Thị Chi Mai,"Jun 12, 2022",Tập 6 S. 1
43,Đánh giá kết quả điều trị hormon tăng trưởng ở bệnh nhân Prader Willi,"Cấn Thị Bích Ngọc, Đặng Thị Kim  Giang, Bùi Phương Thảo, Nguyễn Ngọc Khánh, Đỗ Thị Thanh  Mai, Nguyễn Thu Hà, Nguyễn Trọng Thành, Nguyễn Thị Hằng, Vũ Chí Dũng","Feb 15, 2021",Tập 6 S. 1
33,Vai trò của thang điểm SNAPII trong tiên lượng tử vong sơ sinh tại  khoa Hồi sức Cấp cứu Bệnh viện Trẻ em Hải Phòng năm 2020,"Đặng Văn  Chức, Nguyễn Thị Oanh, Nguyễn Thị Ngọc  Yến, Đặng Việt Linh, Đinh Nguyễn Thành  Quyết, Kim Ban Kỳ, Bùi Văn Hợp, Đinh Dương Tùng Anh, Chu Thị  Hà","Feb 15, 2021",Tập 6 S. 1
46,Ứng dụng kĩ thuật lai huỳnh quang tại chỗ  trong xác định nguồn gốc marker nhiễm sắc thể,"Trần Thị Nga, Vũ Đình  Quang, Lê Thị  Liễu, An Thùy Lan, Hoàng Thị Thanh Mộc, Đinh Thị Hồng  Nhung, Nguyễn Xuân  Huy, Ngô Thị Bích Ngọc, Trần Thị Huyền, Ngô Diễm Ngọc","Feb 15, 2022",Tập 6 S. 1
39,"Một số yếu tố liên quan đến rối loạn trầm cảm, lo âu, stress ở học sinh tại trường trung học cơ sở Tây Sơn và Nguyễn Du - Hà Nội","Ngô Anh Vinh, Đỗ Minh Loan, Đặng Hải Tú, Phùng Thị Vân","Feb 15, 2022",Tập 6 S. 1
37,Những rào cản tuân thủ điều trị ở trẻ nhiễm HIV/AIDS và một số yếu tố liên quan tại Bệnh viện Nhi Trung ương,"Nguyễn Lệ Chinh, Đỗ Thị Thúy Hậu, Trần Thị  Ngọc, Phùng Thị Liên Tỉnh, Hồ Thị  Bích, Trần Anh  Tùng, Chu Thị Anh, Quách Thành Tài, Phạm Thu  Hiền","Feb 22, 2022",Tập 6 S. 1
80,Thoát vị hoành bẩm sinh được cứu sống bằng phương pháp ECMO: báo cáo ca bệnh,"Ngô Thị  Mừng, Đặng Ánh Dương, Phạm Hồng Sơn","Feb 22, 2022",Tập 6 S. 1
74,Loạn sản xơ cốt hóa tiến triển ở trẻ em: báo cáo ca bệnh,"Lê Quỳnh Chi, Nguyễn Thị Phương Thảo, Pham Thị Thúy Ngân, Cấn Thị Bích Ngọc, Hoàng Ngọc Thạch","Feb 22, 2022",Tập 6 S. 1
72,"Hiệu quả, dung nạp và tuân thủ phác đồ lactulose trong làm sạch đại tràng trước nội soi không can thiệp đốt điện: trên 40 trẻ tại Bệnh viện Nhi Trung ương","Phan Thị Hiền, Nguyễn Thị Minh Nguyệt, Lương Thị Hồng Thắm, Lục Thị Thu Quỳnh, Dương Quang Đức, Lê Thị Thanh Hải, Nguyễn Kim  Thanh, Nguyễn Huy Phú","Dec 15, 2021",Tập 5 S. 6
83,"Nghiên cứu tình trạng suy dinh dưỡng và một số yếu tố liên quan ở trẻ 6 tháng đến dưới 5 tuổi tại khoa Dinh dưỡng, Bệnh viện Phụ sản - Nhi Đà Nẵng","Ngô Thị Xuân Bích, Hoàng Thị Ái Nhi, Trần Thị Hoàng","Dec 15, 2021",Tập 5 S. 6
68,"Đặc điểm lâm sàng, cận lâm sàng viêm thận lupus class iii- iv ở trẻ em tại Bệnh viện Nhi Trung ương","Dương Thị Thanh Bình, Thái Thiên  Nam, Nguyễn Thị Ngọc, Lương Thị  Phượng, Nguyễn Thu Hương","Dec 15, 2021",Tập 5 S. 6
69,Đặc điểm lâm sàng và yếu tố liên quan đến độ nặng của bệnh màng trong tại Bệnh viện Phụ sản – Nhi Đà Nẵng,"Đặng Thị Hoài Nam, Tràn Thị Hoàng","Dec 15, 2021",Tập 5 S. 6
44,"Thực trạng triển khai bệnh án điện tử tại Trung tâm Quốc tế, Bệnh viện Nhi Trung ương, năm 2021","Nguyễn Thị Bích Liên, Nguyễn Thế Vinh, Nguyễn Thùy Linh, Trần Minh Điển, Lê Xuân Ngọc","Dec 15, 2021",Tập 5 S. 6
73,"Nhân 2 ca bệnh hiếm tại Bệnh viện Nhi Trung ương: Phổi móng ngựa, đối chiếu y văn",Lê Thị Kim  Ngọc,"Dec 15, 2021",Tập 5 S. 6
88,Phẫu thuật điều trị chấn thương vỡ tá tràng ở trẻ em: nhân 2 trường hợp,"Tô Mạnh  Tuân, Trần Xuân Nam, Trần Hùng","Dec 15, 2021",Tập 5 S. 6
81,Hóa trị liệu điều trị u thần kinh đệm bậc thấp tủy sống tiến triển ở trẻ em: 3 trường hợp và xem lại y văn về u thần kinh đệm bậc thấp,"Trần Thu Hà, Bùi Ngọc Lan, Nguyễn Thị  Nga, Hoàng Ngọc Thạch","Dec 15, 2021",Tập 5 S. 6
65,Điều trị bảo tồn đối với thoát vị thành bụng khổng lồ có màng bọc: nhân 2 trường hợp,"Nguyễn Văn  Linh, Ngô Thị  Mừng","Dec 15, 2021",Tập 5 S. 6
49,Nuôi dưỡng sớm đường tiêu hoá cải thiện tình trạng dinh dưỡng cho trẻ sau phẫu thuật vá thông liên thất tại Bệnh viện Nhi Trung ương,"Doãn Ngọc Ánh, Nguyễn Thị Thúy Hồng, Trịnh Ngọc  Bảo, Cao Việt Tùng, Nguyễn Lý Thịnh Trường, Đặng Văn Thức, Hà Thị Hồng Giang, Nguyễn Thị  Hằng","Oct 31, 2021",Tập 5 S. 5
79,Kết quả bít ống động mạch đơn thuần bằng dụng cụ qua da ở trẻ sơ sinh non tháng tại Bệnh viện Nhi Trung ương,"Vũ Quang Trung, Trần Minh Điển, Cao Việt  Tùng","Oct 31, 2021",Tập 5 S. 5
42,Cải thiện thang điểm FLSCC thông qua bổ sung dung dịch Carbohydrate cho bệnh nhân trước phẫu thuật vá thông liên thất tại Bệnh viện Nhi Trung ương,"Lường Hữu Bảy, Nguyễn Thị Thúy Hồng, Cao Việt Tùng, Trần Thị Na, Lê Thị Kim Mai","Oct 31, 2021",Tập 5 S. 5
47,Kiểu gen và kiểu hình của  hội chứng không nhạy cảm Androgen,"Vũ Chí Dũng, Nguyễn Thu Hà, Nguyễn Ngọc Khánh, Bùi Phương Thảo, Cấn Thị Bích Ngọc, Đỗ Thị Thanh Mai, Nguyễn Trọng  Thành, Nguyễn Quỳnh Anh","Oct 31, 2021",Tập 5 S. 5
48,Chẩn đoán hội chứng Williams bằng kỹ thuật lai huỳnh quang tại chỗ,"Đinh Thị Hồng Nhung, An Thùy Lan, Lê Thị LIễu, Hoàng Thị Thanh Mộc, Trần Thị Nga, Ngô Bích Ngọc, Trần Thị Huyền, Nguyễn Xuân Huy, Vũ Chí  Dũng, Ngô Diễm Ngọc","Oct 31, 2021",Tập 5 S. 5
76,Một số yếu tố liên quan đến viêm phổi sơ sinh nặng  có nhiễm virus hợp bào hô hấp tại Trung tâm Sơ sinh  Bệnh viện Nhi Trung ương,"Nguyễn Thị Trang, Khu Thị Khánh Dung","Oct 31, 2021",Tập 5 S. 5
77,Cải thiện chiều cao ở trẻ thiếu hụt hormon tăng trưởng được điều trị bằng hormon thay thế,"Vũ Chí Dũng, Nguyễn Thị Hằng, Nguyễn Thu Hà, Đỗ Thị Thanh Mai, Bùi Phương Thảo, Cấn Thị Bích Ngọc, Nguyễn Trọng  Thành","Oct 31, 2021",Tập 5 S. 5
94,Cập nhật hội chứng đáp ứng siêu viêm ở trẻ em phối hợp với nhiễm covid-19,Đào Minh Tuấn,"Aug 31, 2021",Tập 5 S. 4
82,Hình thái và mối liên quan giữa kích thước nang với các type của dị dạng đường thở và phổi bẩm sinh,Nguyễn Thị Mai Hoàn,"Aug 31, 2021",Tập 5 S. 4
108,"Nghiên cứu đặc điểm hs-CRP, procalcitonin, interleukin-6 trong viêm phổi nặng do vi rút ở trẻ em dưới 5 tuổi",Nguyễn Thị Ngọc Trân,"Aug 31, 2021",Tập 5 S. 4
96,Đặc điểm lâm sàng và hình ảnh X-quang ngực của viêm tiểu phế quản ở trẻ em,"Đoàn Duy Khánh, Trần Phan Ninh, Trần Minh Điển","Aug 31, 2021",Tập 5 S. 4
121,Tình hình đề kháng kháng sinh của phế cầu và kết quả điều trị  viêm phổi do phế cầu ở trẻ em tại Bệnh viện Nhi Trung ương,"Nguyễn Đăng Quyệt, Đào Minh Tuấn, Bùi Quang Phúc, Trương Thị Việt Nga","Aug 31, 2021",Tập 5 S. 4
86,Giá trị của thang điểm SNAP trong tiên lượng tử vong ở trẻ sơ sinh tại Bệnh viện Trung ương Thái Nguyên,"Nguyễn Diệp Anh, Nguyễn Bích Hoàng, Đoàn Thị Huệ, Nguyễn Thùy Dung, Nguyễn Thị Thu Minh","Aug 31, 2021",Tập 5 S. 4
111,"Một số đặc điểm lâm sàng, cận lâm sàng viêm phổi ở trẻ em dưới 5 tuổi tại Hòa Bình năm 2020-2021","Vũ Thị Tâm, Phùng Thị Bích Thủy, Đỗ Thu Hường, Quách Thị Hoa, Nguyễn Quốc  Tiến, Nguyễn Quang Tự, Chu Thị Thu Hoài, Nguyễn Thành  Chung, Bùi Thị Hằng, Phạm Thu Hiền","Sep 14, 2021",Tập 5 S. 4
98,"Đặc điểm lâm sàng, cận lâm sàng suy hô hấp ở trẻ sơ sinh tại Bệnh viện Trung ương Thái Nguyên","Hoàng Thị Dung, Nguyễn Văn Sơn, Nguyễn Bích Hoàng, Đoàn Thị Huệ, Trần Tiến Thịnh","Aug 31, 2021",Tập 5 S. 4
50,"Nghiên Cứu Một Số Đặc Điểm Lâm Sàng, Cận Lâm Sàng Và Nhận Xét Kết Quả Điều Trị Bằng Macrolid Ở Bệnh Nhi Viêm Phổi Do Mycoplasma Pneumonia Có Gen Kháng Macrolid","Le Thi Hong Hanh, Dang Mai Lien, Phung Thi Bich Thuy","Jun 29, 2021",Tập 5 S. 3
84,Một số yếu tố liên quan tới viêm phổi kéo dài ở trẻ từ 2 tháng – 5 tuổi tại Bệnh viện Nhi Trung ương,"Pham Thu Nga, Nguyen Thi Yen, Le Thi Hong Hanh, Nguyen Thi Thu Nga","Jun 28, 2021",Tập 5 S. 3
134,Nhân ba trường hợp điều trị u máu hạ thanh môn bằng propranolon,"Nguyen Thi Thu Nga, Le Thi Hong Hanh, Pham Thu Nga, Le Thanh Chuong, Phung Dang Viet, Nguyen Thi Mai Hoan","Jun 29, 2021",Tập 5 S. 3
116,Một số phân loại và thang điểm đánh giá mức độ nặng  Viêm phổi cộng đồng ở trẻ em,"Le Thi Hoa, Bui Thi Dung, Nguyen Trung Viet, Than Huu Tiep","Jun 29, 2021",Tập 5 S. 3
126,Nhân một trường hợp nấm phổi xâm nhập aspegillus famigatus kháng itraconazol điều trị thành công,"Nguyen Thi Ngoan, Pham Dinh Dong, Nguyen Thi  Hang, Nguyen Thi Bich Ngoc, Cung Van Cong, Phan Thanh Luan, Hoang Thanh Van, Nguyen Thi Thuy","Jun 29, 2021",Tập 5 S. 3
142,ĐẶC ĐIỂM CỦA DỊ VẬT ĐƯỜNG THỞ Ở TRẺ EM TẠI BỆNH VIỆN NHI TRUNG ƯƠNG,"Le Thanh Chuong, Dao Minh Tuan, Nguyen Thi Thu Nga, Tran Thu Huyen, Nguyen Ngoc Van, Ngo Thi Loan, Vu Ngoc Thanh, Dang Thi Kim Thanh, Nguyen Minh Phuong","Jun 30, 2021",Tập 5 S. 3
139,YẾU TỐ LIÊN QUAN TRẺ MẮC HO GÀ NHẬP CẤP CỨU TẠI BỆNH VIỆN NHI ĐỒNG 2 NĂM 2018,"Pham Thai Son, Tran Ngoc Xuan, Pham Thi Thuy Dung, Nguyen Kim Thuy, Mai Thi Hoai Thanh, Tran Nguyen Minh Thu, Nguyen Xuan Thuy Quynh, Nguyen Hoang Phuong Anh","Jun 30, 2021",Tập 5 S. 3
117,CĂN NGUYÊN VI SINH VẬT GÂY VIÊM PHỔI MẮC PHẢI CỘNG ĐỒNG Ở TRẺ 2 THÁNG ĐẾN 5 TUỔI TẠI BỆNH VIỆN TRUNG ƯƠNG THÁI NGUYÊN,"Nguyen Thuy Dung, Nguyen Bich Hoang, Nguyen Thi Thu Thai, Doan Thi Hue, Nguyen Thi Thu Minh","Jun 30, 2021",Tập 5 S. 3
120,Kết quả phẫu thuật lấy bỏ xốp xương hộp kết hợp với giải Phóng mô mềm chọn lọc ở trẻ dưới 24 tháng tuổi mắc bàn chân khoèo bẩm sinh,"Le Tuan Anh, Nguyen Ngoc Hung","Apr 30, 2021",Tập 5 S. 2
97,"Đặc điểm lâm sàng, cận lâm sàng của 81 trẻ gái dậy thì sớm trung ương tại bệnh viện trẻ em hải phòng năm 2018-2019","Nguyen Dinh Le, Dang Van Chuc, Tran Duy Huy","Apr 30, 2021",Tập 5 S. 2
125,NHU CẦU CHĂM SÓC SỨC KHỎE TẠI NHÀ CỦA BỆNH NHÂN SAU RA VIỆN TẠI TRUNG TÂM HÔ HẤP BỆNH VIỆN NHI TRUNG ƯƠNG VÀ MỘT SỐ YẾU TỐ LIÊN QUAN,"Luong Thi Mien, Nguyen Thi Ngoc Anh, Nguyen Thi Minh Phuong","Apr 30, 2021",Tập 5 S. 2
155,Kết quả triển khai gói giải pháp phòng ngừa nhiễm khuẩn huyết liên quan đến đường truyền trung tâm,"Dang Thi Thu Huong, Ho Thi Minh Than, Le Kien Ngai, Tran Minh Dien","Apr 30, 2021",Tập 5 S. 2
129,Đánh Giá Kết Quả Chăm Sóc Hệ Thống Tưới Rửa Kháng Sinh  Cho Bệnh Nhi Sau Phẫu Thuật Viêm Xương Tủy   Tại Khoa Chỉnh Hình Nhi – Bệnh Viện Nhi Trung Ương,Nguyen Thu Huong,"Apr 30, 2021",Tập 5 S. 2
143,"Kiến Thức, Thái Độ, Cách Xử Trí Sốt Và Mối Liên Quan Về  Trình Độ Học Vấn Của Bà Mẹ Có Con Dưới 5 Tuổi  Tại Khoa Nhi Bệnh Viện Đa Khoa Tỉnh Quảng Trị","Ho Thi Hoai Phuong, Nguyen Thi  Khanh Linh, Le Thi Bich","Apr 30, 2021",Tập 5 S. 2
51,Khảo sát sự hài lòng của các bà mẹ có con đến khám Tại phòng tái khám và các bà mẹ có con nằm điều trị nội trú tại khoa nhi bệnh viện trường đại học y dược huế,"Duong Thi Quynh Tram, Nguyen Thi Minh Thanh","Apr 30, 2021",Tập 5 S. 2
124,Báo Cáo Một Trường Hợp Ngộ Độc Asen Cấp Tính Được Trị Thành Công Tại Bệnh Viện Nhi Trung Ương,"Pham Thi Thanh Tam, Phan Viet Hai, Nguyen Thi Nga, Duong Dinh Cua, Nguyen Thi Mai","Apr 30, 2021",Tập 5 S. 2
144,Hiệu quả điều trị nhịp nhanh kịch phát trên thất có giảm chức năng tâm thu thất trái ở trẻ em bằng năng lượng sóng có tần số radio tại Bệnh viện Nhi Trung ương,"Quach Tien Bang, Pham Huu Hoa","Feb 28, 2021",Tập 5 S. 1
160,Nguyên nhân và đặc điểm ngộ độc cấp trẻ em tại Bệnh viện Nhi Trung ương giai đoạn 2017 - 2020,"Nguyen  Tan Hung, Truong Thi Mai Hong, Le Ngoc Duy, Nguyen Thi Thanh Thuy, Nguyen Van Nam, Do Thi Xuan, Vu Thi Tam, Nguyen Thi Thanh Phuc","Feb 28, 2021",Tập 5 S. 1
150,Đánh giá kết quả điều trị bảo tồn gãy kín trên lỗi cầu xương cánh tay bằng kéo nắn đặt nẹp cánh cẳng tay ở trẻ em,"Hoang Hai Duc, Phung Cong Sang, Nguyen Vu Hoang, Nguyen Thu Ha, Nguyen Thu Huong, Nguyen Thi Ha","Apr 13, 2021",Tập 5 S. 1
156,"The Tỷ lệ nhiễm một số vi khuẩn, virus ở trẻ viêm phổi tái diễn có suy hô hấp tại Bệnh viện Nhi Trung ương","Pham Thi Thanh Tam, Le Thanh Hai, Phung Thi Bich Thuy, Le Ngoc Duy, Nguyen Thi Nga, Do Quang Vy, Dinh  Thi Hong, Dinh Thi  Thu Phuong","Feb 28, 2021",Tập 5 S. 1
145,Một số yếu tố liên quan đến tình trạng suy dinh dưỡng ở bệnh nhi ung thư dưới 5 tuổi tại Bệnh viện Nhi Trung,"Bui Ngoc Lan, Tran Thu Ha, Vu Thi Linh, Do Cam Thach, Le Thi Thuy Dung","Apr 17, 2021",Tập 5 S. 1
52,Kết quả điều trị nhiễm trùng vùng đầu – mặt – cổ trên 147 bệnh nhân tại Khoa Răng Hàm Mặt Bệnh viện Nhi Trung ương,"Do Van Can, Trinh Do Van Nga, Nguyen Thi Phuong Hoa","Feb 28, 2021",Tập 5 S. 1
53,Sự biến đổi nồng độ Immunoglobulin E và Immunoglobulin G trong huyết thanh của bệnh nhân viêm mũi dị ứng tại Bệnh viện Nhi trung ương,"Tran Thai Son, Le Ngoc Duy","Feb 28, 2021",Tập 5 S. 1
154,Tổng quan về ngưng thở tắc nghẽn khi ngủ ở trẻ em bị hen phế quản,"Duong  Quy Si, Nguyen Ngoc Quynh Le, Nguyen Hoang Yen, Nguyen Thi Thanh Mai, Le Thi Minh Huong","Dec 31, 2020",Tập 4 S. 6: Special Issue: The 10th Anniversary of the Allergy - Immunology - Rheumatology Department
161,Tổng quan về đặc điểm di truyền trong hen phế quản,"Duong Quy Sy, Nguyen Thi Bich Hanh, Le Thi Minh Huong","Dec 31, 2020",Tập 4 S. 6: Special Issue: The 10th Anniversary of the Allergy - Immunology - Rheumatology Department
166,Suy giảm miễn dịch bẩm sinh thể khiếm khuyết bám dính bạch cầu type 1,"Nguyễn Vân Anh, Le Thi Minh Huong, Nguyen Ngoc Quynh Le, Thuc Thanh Huyen, Le Quynh Chi, Nguyen Van Khiem","Dec 31, 2020",Tập 4 S. 6: Special Issue: The 10th Anniversary of the Allergy - Immunology - Rheumatology Department
165,Phản ứng da nặng do thuốc,"Nguyen Van  Khiem, Le Thi Minh Huong","Dec 31, 2020",Tập 4 S. 6: Special Issue: The 10th Anniversary of the Allergy - Immunology - Rheumatology Department
157,Đặc điểm kiểu hình hen dị ứng ở trẻ em,"Nguyen Thi  Bich Hanh, Le Thi Minh Huong, Duong Quy Sy","Dec 31, 2020",Tập 4 S. 6: Special Issue: The 10th Anniversary of the Allergy - Immunology - Rheumatology Department
159,"Khảo sát khả năng đáp ứng của IGE đặc hiệu với hải sản có vỏ và mối liên quan với dị ứng mạt bụi nhà, gián","Nguyen Thi Huyen, Tran Thi Bich Ngoc, Phan Thi Minh Phuong, Guido Forni, Giovanni Rolla","Dec 31, 2020",Tập 4 S. 6: Special Issue: The 10th Anniversary of the Allergy - Immunology - Rheumatology Department
54,Mối liên quan giữa một số vi rút với mức độ nặng  của cơn hen phế quản cấp ở trẻ em,"Le Quynh Chi, Lu Thi Hoa, Le Thi Hong Hanh","Dec 31, 2020",Tập 4 S. 6: Special Issue: The 10th Anniversary of the Allergy - Immunology - Rheumatology Department
56,Mô tả trường hợp tang sinh tế bào Lympho liên quan nhiễm sắc thể X Type 1 tại Bệnh viện Nhi đồng I,"Cao Tran Thu Cuc, Nguyen Minh Tuan, Phan Nguyen Lien Anh","Dec 31, 2020",Tập 4 S. 6: Special Issue: The 10th Anniversary of the Allergy - Immunology - Rheumatology Department
63,Đặc điểm dịch tễ học lâm sàng  ở trẻ viêm phổi nặng có nhiễm RSV tại Trung tâm Hô hấp Bệnh viện Nhi Trung ương,"Le Thi Hong Hanh, Hoang Thi Thu Hang, Nguyen Thi  Le, Hoang Phuong Thanh, Dang Mai Lien","Sep  1, 2020",Tập 4 S. 5
55,Ứng dụng kỹ thuật sinh học phân tử trong chẩn đoán  bệnh Wilson và sàng lọc người mang gen bệnh,"Nguyen  Thi Mai Huong, Nguyen Pham Anh Hoa, Ngo Diem Ngoc","Sep  1, 2020",Tập 4 S. 5
59,Ứng dụng thang điểm PRESS  trong phân loại nhiễm khuẩn hô hấp cấp ở trẻ em  tại Bệnh viện Nhi Trung ương,"La Thi Bich Hong, Nguyen Anh Tuan, Le Thanh Hai, Dau Viet Hung","Sep  1, 2020",Tập 4 S. 5
60,Thực trạng và một số yếu tố liên quan đến tuân thủ điều trị  ở trẻ HIV/AIDS tại phòng khám ngoại trú  Bệnh viện Nhi Trung ương,"Tran Thi Ngoc, Do Thien Hai, Tran Thi Duyen, Nguyen  Le Chinh","Sep  5, 2020",Tập 4 S. 5
58,"Yếu tố nguy cơ nhiễm khuẩn bệnh viện  tại Khoa Cấp cứu, Bệnh viện Sản Nhi Ninh Bình",Phạm Thị Huế,"Sep  5, 2020",Tập 4 S. 5
64,"Đặc điểm cận lâm sàng và kết quả điều trị bệnh lỵ do Shigella tại Khoa Nhi, Bệnh viện Hữu nghị Việt Nam Cuba Đồng Hới năm 2019",Nguyễn Hồng Tư,"Sep  5, 2020",Tập 4 S. 5
66,Thực trạng tuân thủ điều trị của trẻ động kinh  tại Bệnh viện Nhi Trung ương,"Trần Thị Huyền, Cao Vu Hung, Tran Van Hoc, Nguyen Danh Ngon","Sep  5, 2020",Tập 4 S. 5
62,"Đặc điểm dịch tễ, lâm sàng Lupus ban đỏ hệ thống  của bệnh nhi tới khám tại Bệnh viện Sản Nhi Vĩnh Phúc","Vũ Thị Huyền, Nguyen Van Nhien","Sep  5, 2020",Tập 4 S. 5
61,"Một số yếu tố liên quan đến sự hài lòng  của người nhà bệnh nhân tại khoa khám bệnh,  Bệnh viện Đa khoa Xanh Pôn năm 2019",Đỗ Thị Kim Tạo,"Sep  5, 2020",Tập 4 S. 5
164,Phân biệt teo mật bẩm sinh và các căn nguyên khác  gây vàng da ứ mật ở trẻ em,"Bui  Thi Kim Oanh, Nguyen Pham Anh Hoa","Aug 17, 2020",Tập 4 S. 4
163,"Đặc điểm lâm sàng, cận lâm sàng u nguyên bào gan ở trẻ em tại Bệnh viện Nhi Trung ương","Pham  Duy Hien, Tran Duc Tam, Phan Hong Long","Aug 17, 2020",Tập 4 S. 4
170,"Nghiên cứu đặc điểm lâm sàng, điện não đồ  và hình ảnh cộng hưởng từ sọ não ở bệnh nhân động kinh  từ 1-12 tháng tuổi tại Bệnh viện Nhi Trung ương",Le Thi Loan,"Aug 14, 2020",Tập 4 S. 4
173,"Vôi hóa thận ở trẻ em: nguyên nhân,  ảnh hưởng chức năng thận và sự phát triển thể chất","Nguyen  Thi Ngoc, Nguyen Thu Huong","Aug 21, 2020",Tập 4 S. 4
175,Đặc điểm hình ảnh và giá trị của siêu âm qua thóp trong chẩn đoán xuất huyết não màng não tại Bệnh viện Nhi Thanh Hoá,Nguyen Van Trung,"Aug 21, 2020",Tập 4 S. 4
174,"Thay đổi kiến thức, thực hành dự phòng, xử trí co giật do sốt cho các bà mẹ có con điều trị tại Bệnh viện Trẻ em Hải Phòng","Tuan Anh, Thi Thanh Hoa Vu","Aug 21, 2020",Tập 4 S. 4
169,Nghiên cứu đặc điểm lâm sàng và nguyên nhân  viêm kết mạc cấp ở trẻ em dưới 6 tuổi  tại Bệnh viện Nhi Thanh Hóa,Hoang Hoa Quynh,"Aug 25, 2020",Tập 4 S. 4
171,"Đặc điểm dịch tễ lâm sàng, cận lâm sàng của trẻ suy giáp  bẩm sinh tại Bệnh viện Nhi Trung ương","Thanh Hoài Phan, Phuong Thao Bui, Nguyen Ngoc Khanh, Tran Thi Chi Mai","Aug 25, 2020",Tập 4 S. 4
182,Viêm khớp nhiễm khuẩn ở trẻ sơ sinh 14 ngày tuổi  tiếp cận lâm sàng và chiến lược điều trị,Nguyen Van Nhien,"Aug 25, 2020",Tập 4 S. 4
181,Tỷ lệ hội chứng Cushing và khảo sát nồng độ Cortisol máu trên bệnh nhân hội chứng thận hư kháng Corticosteroid,"Duong Thi Thanh Binh, Nguyen Thu Huong, Truong Manh Tu, Nguyen Thi Linh, Nguyen Phu Dat","Jun 29, 2020",Tập 4 S. 3
168,"Đặc điểm lâm sàng, cận lâm sàng viêm phổi nhiễm  Chlamydia Trachomatis ở trẻ em dưới 6 tháng tuổi  tại Bệnh viện Nhi Trung ương","Pham Thu Hien, Vu Thi Tam, Nguyen Thi Thanh Thuy, Nguyen Tan Hung, Nguyen Thi Thanh Phuc, Do Thi Xuan","Jun 29, 2020",Tập 4 S. 3
172,"Cơ cấu bệnh tật ở trẻ sơ sinh sớm  tại Bệnh viện Sản Nhi Nghệ An, năm 2019",Pham Tuan Viet,"Jun 29, 2020",Tập 4 S. 3
167,Thực trạng hạ can xi máu ở trẻ dưới 12 tháng  tại Bệnh viện Sản Nhi Nghệ An năm 2019,Tran Thi Kieu Anh,"Jun 27, 2020",Tập 4 S. 3
178,Đặc điểm bệnh tim mạch và kết quả điều trị  tại Bệnh viện Nhi Trung ương năm 2019,"Nong Van Manh, Nguyen  Ly Thinh Truong, Le Hong Quang","Jun 29, 2020",Tập 4 S. 3
190,"Đặc điểm lâm sàng, cận lâm sàng của bệnh nhi tiêu chảy cấp tại Bệnh viện Nhi Trung ương","Hoang Ngoc Anh, Dang Thi Thuy Ha, Luong Thi Nghiem","Jun 29, 2020",Tập 4 S. 3
179,Di chứng sau viêm não ở trẻ em và nhu cầu chăm sóc  tại Bệnh viện Nhi Trung ương (2018 - 2019),"Ho Thi Bich, Nguyen Van Lam, Hoang Thi Hoa","Jun 29, 2020",Tập 4 S. 3
177,Đặc điểm lâm sàng và hình ảnh CT SCAN viêm phổi thùy tại Bệnh viện sản Nhi Nghệ An,Tran Van Cuong,"Jun 29, 2020",Tập 4 S. 3
187,Nghiên cứu sự nhạy cảm với kháng sinh của một số chủng  vi khuẩn gây viêm đường hô hấp cấp ở trẻ em dưới 6 tuổi  tại Bệnh viện Nhi Thanh Hóa 2009 - 2014,Do Ngoc Hoai,"Jun 29, 2020",Tập 4 S. 3
180,"Nhận thức, thực hành chăm sóc trẻ dưới 5 tuổi mắc tiêu chảy cấp của người chăm sóc chính tại Khoa Điều trị Tự nguyện C - Bệnh viện Nhi Trung ương năm 2019",Quach Thi Hoa,"Jun 29, 2020",Tập 4 S. 3
184,Acknowledgment of Acute Gastric Volvulus in Children:  A Case Study at the Thanh Hoa Hospital of Pediatrics,"Ta Van Tung, Nguyen Dinh Vuong, Phung Duc Toan","Jul 20, 2020",Tập 4 S. 2
176,Antibiotic resistance of Helicobacter pylory strain in  Children’s gastritis,"Tu Tran Thanh, Nguyen Thi Thanh Phuc, Do Thi Hang, Do Thi Hau, Ha Hai Yen","Aug 21, 2020",Tập 4 S. 2
70,Current Situation of Nutritional Care in Children Under 6 Months of Age at the Vietnam National Children’s Hospital in 2019,"Nguyễn Văn Nhiên, Luu Thi My Thuc, Le Thi Ha, Phan Thi Nga","Aug 21, 2020",Tập 4 S. 2
186,Evaluation of Quality of whole Blood and some of Blood Preparations by Buffy Coat Method at the Vietnam National Children’s Hospital,"Phung Thi Bich Thuy, Nguyen Thi Lan","Aug 21, 2020",Tập 4 S. 2
185,Strategy for Prevention of Bronchopulmonary Dysplasia in Newborns,"Chu Lan Huong, Ngo Quoc Thai, Nguyen Thi Quynh Nga","Aug 21, 2020",Tập 4 S. 2
183,The Value of NT-proBNP the Follow - up of Children with Dilated Cardiomyopathy,"Dang Thi Hai Van, Dang Phuong Thuy, Nguyen Thi Hai Ha","Aug 21, 2020",Tập 4 S. 2
67,Study the Isolation Rate and Antibiotic Susceptibility of H. influenza Detected from Nasopharynx of Under 5 Years Old Children with Acute Lower Respiratory Tract Infection in Thanh Hoa Pediatric Hospital,Hoang Huy Trung,"Aug 21, 2020",Tập 4 S. 2
194,"Research epidemiology, Clinical Manifestation  and Laboratory Findings of Severe Adenovirus Pneumonia  in the Intensive Care Unit of Thanh Hoa Pediatric Hospital",Nguyen Thi Mai Thuy,"Aug 21, 2020",Tập 4 S. 2
189,Evaluation of Knowledge and Practice of Children Careers and Results of Treatment in Vietnam National Children’s Hospital,"Do Thi Thuy Hau, Nguyen Van Lam, Tran Thi Thu Huong, Nguyen Le Chinh, Tran Anh Tung, Tran Thi Duyen","Aug 21, 2020",Tập 4 S. 2
193,Một số yếu tố tiên lượng kết quả dẫn lưu mật ở bệnh nhân teo mật bẩm sinh sau phẫu thuật Kasai,"Nguyễn Phạm Anh Hoa,  Phạm Thị Hải  Yến,  Phạm Duy  Hiền","Feb 16, 2020",Tập 4 S. 1
188,Nhận xét kết quả điều trị các thể lâm sàng bệnh Wilson ở trẻ em,"Hoàng Thị Vân Anh, Nguyễn Phạm Anh Hoa","Feb 16, 2020",Tập 4 S. 1
195,"Nghiên cứu đặc điểm lâm sàng, mô bệnh học và đánh giá kết quả điều trị u tiểu não ở trẻ em tại Bệnh viện Nhi Trung ương","Trần Văn  Học, Nguyễn Văn Thắng, Nguyễn Thanh Liêm","Feb 15, 2020",Tập 4 S. 1
197,Đánh giá kết quả phục hồi chức năng vận động thô ở trẻ bại não từ 2-6 tuổi tại Bệnh viện Châm cứu Trung ương năm 2018,"Nguyễn Thị Thanh  Nhàn, Dương Văn Tâm","Mar 25, 2019",Tập 4 S. 1
196,"Nghiên cứu một số đặc điểm dịch tễ lâm sàng, cận lâm sàng và bước đầu nhận xét kết quả điều trị bệnh viêm màng não mủ ở trẻ em sơ sinh Bệnh viện Nhi Thanh Hóa",Phạm Thị   Hương,"Feb  2, 2020",Tập 4 S. 1
198,Các yếu tố ảnh hưởng đến tuân thủ điều trị ARV ở bệnh nhân nhiễm HIV/AIDS tại Việt Nam,Mai Thị Huệ,"Jan  5, 2020",Tập 4 S. 1
75,Đánh giá kết quả điều trị bỏng tại Bệnh viện Nhi Thanh Hóa từ tháng 7/2013 đến tháng 6/2014,"Nguyễn Viết Hải, Nguyễn Thị Thu Hoài","Feb 15, 2020",Tập 4 S. 1
207,Nghiên cứu căn nguyên gây bệnh và yếu tố nguy cơ ở trẻ bị viêm phổi kéo dài trên 2 tuần tại Khoa hô hấp Bệnh viện Nhi Thanh Hóa,Lê Văn Tráng,"Feb 17, 2020",Tập 4 S. 1
71,"Đặc điểm lâm sàng, cận lâm sàng và điều trị viêm phổi ở trẻ dưới 5 tuổi tại Khoa hô hấp Bệnh viện Nhi Thanh Hóa",Trịnh Thị Ngọc,"Feb 15, 2020",Tập 4 S. 1
192,Khảo sát tình trạng lo âu của bố mẹ có con mắc bệnh Lupus ban đỏ hệ thống điều trị tại Bệnh viện Nhi Trung ương,"Nguyễn Thị   Dậu, Trương Việt Dũng","Feb 18, 2020",Tập 4 S. 1
191,Nghiên cứu rối loạn nhịp nhanh bộ nói tăng tính kích thích và nhận xét kết quả điều trị sớm sau phẫu thuật tim mở tim bẩm sinh tại Bệnh viện Nhi Trung ương,"Nguyễn Hương Giang, Đặng Thị Hải Vân","Mar 16, 2019",Tập 3 S. 2
203,Chẩn đoán hội chứng Cri du chat bằng kỹ thuật G-Banding,"Vũ Đình  Quang, Nguyễn Xuân Huy, Ngô Bich Ngọc, Trần Thị Huyền, Ngô Diễm Ngọc, Lê Thanh Hải","Mar 16, 2019",Tập 3 S. 2
199,Nhận xét kết quả điều trị xuất huyết giảm tiểu cầu tiên phát ở trẻ từ 1 tháng đến 24 tháng tuổi tại Bệnh viện Nhi Trung ương,"Trần Thị  Mạnh , Nguyễn Thị Mai Hương, Dương Bá Trực","Mar 16, 2019",Tập 3 S. 2
200,Viêm phổi do vi khuẩn gram âm ở trẻ em và mối liên quan giữa căn nguyên vi khuẩn với mức độ nặng của bệnh,"Đào Minh Tuấn, Lê Thị Hoa, Nguyễn Quanh Khanh","Mar 16, 2019",Tập 3 S. 2
202,Đánh giá hiệu quả nuôi dưỡng đường tiêu hóa ở trẻ cực non và rất non tháng tại Bệnh viện Phụ sản Trung ương,"Lê Phương  Linh, Lê Minh  Trác, Nguyễn Thị Việt  Hà","Mar 16, 2019",Tập 3 S. 2
201,Mối liên quan giữa thiếu máu thiếu sắt và tình trạng mắc bệnh viêm phổi ở trẻ em dưới 5 tuổi được khám và điều trị tại Bệnh viện đa khoa Xanh Pôn năm 2017,"Nguyễn Thị Hồng  Nhân, Nguyễn Văn Long","Mar 16, 2019",Tập 3 S. 2
78,Đánh giá tiên lượng tử vong tại Khoa Hồi sức Sơ sinh bằng thang điểm SNAP-II,"Nguyễn Thị Kim Nhi, Phạm Lê An, Phùng Nguyễn Thế Nguyên","Mar 16, 2019",Tập 3 S. 2
208,Nghiên cứu nồng độ ức chế tối thiểu của Vancomycin với các chủng Staphylococcus Aureus phân lập từ bệnh nhân nhiễm khuẩn huyết tại Bệnh viện Bạch Mai,Phùng Thị Thường,"Mar 16, 2019",Tập 3 S. 2
209,Hiệu quả của khí dung nước muối ưu trương (3%) trong điều trị viêm tiểu phế quản trẻ em tại Bệnh viện Sản Nhi Bắc Giang,"Nguyễn Bích  Hoàng, Đoàn Thị Huệ , Lê Thị Phương Lan, Bàn Thị  Xuyên","Mar 16, 2019",Tập 3 S. 2
204,Giải trình tự gen vùng đích phát hiện đột biến dị hợp tử mới trên gen TGM1 gây bệnh vảy da cá ở một bệnh nhi tại Việt Nam: báo cáo ca bệnh,"Trần Vân Khánh, Lương Hoàng Long, Diệp Minh Quang, Đinh Thị Lan Oanh, Nguyễn Đình  Tưởng, Phạm Vân Anh, Ngô Kim Ngân, Bùi Văn  Tuấn","Mar 16, 2019",Tập 3 S. 2
206,Nhân một trường hợp áp xe gan do nấm candida ở trẻ sơ sinh,"Nguyễn Thị Quỳnh Nga, Hà Thị Kiều Oanh, Đặng Thị Thu Thủy, Lê Thị Hà","Feb 15, 2019",Tập 3 S. 1
217,"Liên quan giữa các kháng thể kháng dsDNA, nucleosome và C1q với mức độ hoạt động bệnh Lupus ban đỏ hệ thống trẻ em","Bùi Song Hương, Lê Thị Minh Hương, Trần Thị Chi Mai","Feb 15, 2019",Tập 3 S. 1
211,Đặc điểm trí tuệ của trẻ có rối loạn tăng động giảm chú ý,"Nguyễn Thị Quý, Thành Ngọc Minh, Nguyễn Thị Hồng  Thúy, Nguyễn Phương Hồng Ngọc","Feb 15, 2019",Tập 3 S. 1
210,Phẫu thuật soave hậu môn có kết hợp đường bụng điều trị bệnh Hirschsprung,"Cao Xuân Thạnh, Hồ Hữu Thiện","Feb 15, 2019",Tập 3 S. 1
228,"Khảo sát mô hình bệnh tật tại phòng khám ngoại trú khoa tâm thần, Bệnh viện Nhi Trung ương từ 2016 đến 2018","Nguyễn Mai Hương , Thành Ngọc Minh, Nguyễn Thị Thanh  Mai, Nguyễn Thị Hồng Thúy, Đào Thị Thủy","Feb 15, 2019",Tập 3 S. 1
212,Kiểu hình hen phế quản ở trẻ trên 5 tuổi tại Bệnh viện Nhi Trung ương,"Đỗ Thị Hạnh, Nguyễn Thị Diệu Thúy, Bùi Công Thắng, Phạm Quốc Khương","Feb 15, 2019",Tập 3 S. 1
213,Phẫu thuật nội soi robot điều trị nang ống mật chủ ở trẻ em tại Bệnh viện Nhi Trung ương: kinh nghiệm của một trung tâm,"Phạm Duy  Hiền, Vũ Mạnh Hoàn, Trần Xuân  Nam, Nguyễn Minh Huyền, Nguyễn Thị Bích Liên","Feb 15, 2019",Tập 3 S. 1
205,"Đặc điểm lâm sàng, nội soi, mô bệnh học và kết quả cắt polyp đại trực tràng ở trẻ em tại Bệnh viện Nhi Thái Bình","Trần Trọng Kiểm, Đặng Văn Nghiễm, Nguyễn Minh  Nguyệt, Nguyễn Ngọc Sáng","Feb 15, 2019",Tập 3 S. 1
222,Đặc điểm dịch tễ học lâm sàng và kết quả điều trị của trẻ tự kỷ từ 3 đến 6 tuổi tại Bệnh viện Nhi Thái Bình,"Đình Văn Uy, Nguyễn Ngọc  Sáng, Phạm Thị Tỉnh","Feb 15, 2019",Tập 3 S. 1
219,"Những vấn đề đặt ra trong việc xây dựng, ban hành giá dịch vụ khám chữa bệnh theo yêu cầu",Trịnh Ngọc  Hải,"Feb 15, 2019",Tập 3 S. 1
218,Tổng quan về các yếu tố nguy cơ trong hen phế quản trẻ em,"Dương Quý Sỹ, Lê Thị Minh  Hương","Dec 15, 2018",Tập 2 S. 6
235,Tổng quan về liệu pháp miễn dịch đặc hiệu với dị nguyên,"Phan Thị Minh Phương, Trần Thanh Loan","Dec 15, 2018",Tập 2 S. 6
225,Tổng quan về suy giảm miễn dịch tiên phát,Lê Thị Minh Hương,"Dec 15, 2018",Tập 2 S. 6
214,Tỷ lệ dị ứng thức ăn ở trẻ em bị hen phế quản,"Nguyễn Thị Mai Hoa, Nguyễn Ngọc Quỳnh Lê, Lê Thị Minh Hương","Dec 15, 2018",Tập 2 S. 6
215,Điều trị giải mẫn cảm với thuốc điều trị ung thư Epotosid,Lê Thị Thu Hương,"Dec 15, 2018",Tập 2 S. 6
231,"Đặc điểm lâm sàng, cận lâm sàng bệnh Lupus khởi phát tại Khoa Miễn dịch - Dị ứng - Khớp, Bệnh viện Nhi Trung ương","Nguyễn Thị Phương Thảo, Lê Quỳnh Chi, Lê Thị Minh Hương","Dec 15, 2018",Tập 2 S. 6
236,Nhân một trường hợp giảm nặng bạch cầu hạt trung tính do đột biến mới ở gen HAX1,"Trần Thị Thắm, Vũ Văn  Quang, Taizo Wada, Akihiro Yachie, Lê Thị Minh Hương, Nguyễn Ngọc Sáng","Dec 15, 2018",Tập 2 S. 6
234,Khảo sát tỷ lệ mắc bệnh Celiac của trẻ em tại Bệnh viện Nhi Trung ương,"Nguyễn Ngọc Quỳnh Lê, Trần Thị Chi Mai, Nguyễn Duy Bộ, Phùng Đức Sơn, Sara Zanella, Martina Mazzocco, Caterina  Borgna-Pignatti, Lê Thị Minh Hương, Lê Thanh Hải","Dec 15, 2018",Tập 2 S. 6
216,Chất lượng cuộc sống của trẻ hen phế quản,"Trịnh Thị Hậu, Lê Huyền Trang, Lê Thị Thu Hương","Dec 15, 2018",Tập 2 S. 6
223,"Thực trạng viêm mũi dị ứng ở học sinh trung học cơ sở tại thành phố Vinh, tỉnh Nghệ An năm 2015","Tăng Xuân  Hải, Vũ Minh Phụng, Phạm Văn Han","Dec 15, 2018",Tập 2 S. 6
221,Left pulmonary artery sling with tracheal stenosis,"Nguyen Chi Lang, Nguyen Thi Ngoan, Nguyen Duc Khoi","Oct 15, 2018",Tập 2 S. 5
89,Case report on kawasaki patient with immunoglobulin non-response successfully treated by infliximab,"Dang Thi Hai Van, Phan Thi Thuy Ngan, Do Minh Thuy,  Cao Viet Tung","Sep 15, 2018",Tập 2 S. 5
87,Laparoscopic surgery for congenital duodenal obstruction in children: an initial experience,"Pham Duy  Hien, Vu Manh  Hoan, Tran Xuan  Nam, Nguyen Thi Minh  Huyen, Chu Thi  Hoa,  Nguyen Thi  Thuy","Aug 25, 2018",Tập 2 S. 5
91,A case report of congenital nephrotic syndrome secondary to congenital syphilis,"Nguyen Thi  Kien,  Nguyen Thu  Huong","Jun 16, 2018",Tập 2 S. 5
85,"The real situation of practice and knowledge of injury prevention among students of secondary schools in Dong Hung District, Thai Binh Province in 2015","Vu Minh  Hai, Le Ngoc  Duy","Sep  1, 2018",Tập 2 S. 5
227,"Midwife’s implementation of maternal and neonatal care after cesarean section at obstetric department, national hospital of obstetrics and gynecology in 2018","Tran Thi Tu  Anh, Vu Thi Hoang  Lan, Do Manh Hung","Aug  5, 2018",Tập 2 S. 5
92,Assessment and identification of some factors affecting the results of treatment by orthotic bracing for pectus carinatum,"Trinh Quang  Dung,  Nguyen Huu  Chut, Tran Vinh  Son","Aug 20, 2018",Tập 2 S. 5
229,Epidemiological features of children with attention deficit hyperactivity disorder (ADHD) at the National Children’s Hospital in 2016,"Thanh Ngoc  Minh,  Le Thanh  Hai,  Do Manh  Hung","Jul 16, 2018",Tập 2 S. 5
226,Some gross motor features of Children with spastic cerebral palsy at the National Children’s Hospital in 2018,"Nguyen Dinh  Dat, Trinh Quang  Dung,  Nguyen Huong Giang,  Do Manh  Hung","Jul 16, 2018",Tập 2 S. 5
224,Etiology and Clinical Characteristics of Acute Cytomegalovirus Hepatitis in Children at the National Children’s Hospital,"Nguyen Van  Lam,  Vo Manh  Hung, Nguyen Phuong  Thao, Pham Nhat  An","Sep 20, 2018",Tập 2 S. 5
104,Case Report of Treatment of Secondary Airway Stenosis after Thulium Laser Ventilation,"Le Thanh  Chuong, Nguyen Thi Thu  Nga, Dang Hanh Tiep, Nguyen Ngoc  Thanh, Ngo Thi  Loan","Sep 20, 2018",Tập 2 S. 5
237,Survey of Waiting Time for Examination at the Medical Examination Department 2 of the National Children’s Hospital in 2018,"Dang Thi Hong  Khanh, Nguyen Thi  Ut, Nguyen Thi  Chien, Giang Thi Thanh  Ha, Vu Thi Thuy  Linh","Aug 30, 2018",Tập 2 S. 5
232,Tổng quan về cơ chế viêm phụ thuộc TH2 trong hen phế quản dị ứng ở trẻ em,Dương Quý Sỹ,"Aug 15, 2018",Tập 2 S. 4
95,Đánh giá kết quả sớm phẫu thuật nội soi cắt u tuyến thượng thận ở trẻ em,"Phạm Duy Hiền, Trần Anh  Quỳnh, Trần Xuân  Nam, Nguyễn Thị Trà  Giang, Trần Bích  Hạnh, Nguyễn Thị  Xuyến","Aug 15, 2018",Tập 2 S. 4
220,Một số yếu tố liên quan đến chẩn đoán muộn bệnh Kawasaki ở trẻ em,"Nguyễn Thị Thu  Hiền, Đặng Thị Hải  Vân","Aug 15, 2018",Tập 2 S. 4
233,Nghiên cứu đặc điểm lâm sàng và hình ảnh cộng hưởng từ u màng não thất ở trẻ em,"Lê Hoài  Giang, Trần Văn  Học","Aug 15, 2018",Tập 2 S. 4
135,Nghiên cứu giá trị của khuếch đại gen MyCN trên bệnh nhân u nguyên bào thần kinh tại Bệnh viện Nhi Trung ương,"Nguyễn Xuân  Huy, Vũ Đình  Quang, An Thùy  Lan, Ngô Diễm  Ngọc, Lê Thanh  Hải","Aug 15, 2018",Tập 2 S. 4
93,Một số đăc điểm dịch tễ của tiêu chảy cấp do Rotavirus và Norovirus ở trẻ em tại Bệnh viện Nhi Trung ương,"Vũ Thị  Hảo, Đặng Thị Cẩm  Băng, Nguyễn Minh  Hằng, Đỗ Thu  Hường, Phạm Thu  Hiền, Phùng Thị Bích  Thủy","Aug 15, 2018",Tập 2 S. 4
101,Các biến chứng của phẫu thuật nội soi điều trị nang ống mật chủ ở trẻ em,"Phạm Duy  Hiền, Nguyễn Thanh  Liêm, Vũ Mạnh  Hoàn, Trần Xuân  Nam, Phạm Thị Minh  Huyền, Nguyễn Thị Bích  Liên","Aug 15, 2018",Tập 2 S. 4
230,Nghiên cứu giá trị của xét nghiệm công thức nhiễm sắc thể trong chẩn đoán hội chứng Turner ở trẻ em tại Bệnh viện Nhi Trung ương,"Trần Thị  Nga, Vũ Đình  Quang, Đinh Thị Hồng  Nhung, An Thùy  Lan, Hoàng Thị Thanh  Mộc, Lê Thị  Liễu, Ngô Thị Bích  Ngọc, Nguyễn Xuân  Huy, Ngô Diễm  Ngọc, Lê Thanh  Hải","Aug 15, 2018",Tập 2 S. 4
103,Ứng dụng nghiệm pháp kích thích Glucagon trong chẩn đoán thiếu hụt hormon tăng trưởng ở trẻ thấp lùn,"Trần Thị Thùy  Linh, Nguyễn Thu  Hà, Nguyễn Ngọc  Khánh, Vũ Chí  Dũng, Bùi Phương  Thảo, Cấn Thị Bích  Ngọc, Đỗ Thị Thanh  Mai, Bùi Thị  Xuân","Aug 15, 2018",Tập 2 S. 4
90,Đặc điểm những rối loạn điều hòa cảm giác ở trẻ mắc rối loạn phổ tự kỷ,"Thành Ngọc  Minh, Ths. Mai Thị Xuân  Thu, Ths. Nguyễn Mai  Hương, Ths. Nguyễn Thị Hồng  Thúy","Aug 15, 2018",Tập 2 S. 4
99,Đánh giá trẻ Chậm phát triển vận động thô theo thang điểm GMFM (Gross Motor Functional Measure),"Trịnh Quang  Dũng, Lê Thanh  Hải, Đỗ Mạnh  Hùng","Aug 15, 2018",Tập 2 S. 4
100,"Ảnh hưởng tăng động giảm chú ý đến rối loạn nhân cách ở trẻ 6-12 tuổi theo thang đo NICHQ Vanderbilt tại Bệnh viện Nhi Trung ương, năm 2016","Thành Ngọc  Minh, Lê Thanh  Hải, Đỗ Mạnh  Hùng","Aug 15, 2018",Tập 2 S. 4
107,Một số yếu tố nguy cơ nghề nghiệp gây stress ở điều dưỡng viên Bệnh viện Nhi Trung ương năm 2017,"Trần Văn  Thơ, Phạm Thu  Hiền","Aug 15, 2018",Tập 2 S. 4
115,"Đặc điểm dịch tễ học trẻ mắc tăng động giảm chú ý tại bệnh viện Nhi Trung ương, năm 2016","Thành Ngọc  Minh, Lê Thanh  Hải, Đỗ Mạnh  Hùng","Aug 15, 2018",Tập 2 S. 4
109,"Mô tả một số đặc điểm vận động thô ở trẻ ở trẻ bại não thể co cứng tại bệnh viện Nhi Trung ương, năm 2018","Nguyễn Đình  Đạt, Trịnh Quang  Dũng, Nguyễn Hương  Giang, Đỗ Mạnh  Hùng","Aug 15, 2018",Tập 2 S. 4
105,"Thực hành của hộ sinh về quy trình chăm sóc sản phụ và trẻ sơ sinh sau mổ lấy thai tại Khoa Sản bệnh lý - bệnh viện Phụ sản Trung ương, năm 2018","Trần Thị Tú  Anh, Vũ Thị Hoàng  Lan, Đỗ Mạnh  Hùng","Aug 15, 2018",Tập 2 S. 4
102,Cập nhật một số vấn đề về chẩn đoán và điều trị bệnh tim mắc phải thường gặp trong nhi khoa,Hồ Sỹ  Hà,"Oct 16, 2017",Tập 1 S. 2
106,Thực trạng cơ sở vật chất và vận chuyển cấp cứu của hệ thống nhi khoa khu vực phía bắc năm 2016,"Lê Thị Minh  Hương, Hồ Anh  Tuấn, Lê Lan  Anh, Lê Thanh  Hải, Đỗ Minh  Loan, Cao Hưng  Thái","Oct  7, 2019",Tập 1 S. 2
110,Nghiên cứu tiền sử bệnh tật ở trẻ mắc viêm phổi không điển hình do vi khuẩn tại Bệnh viện Nhi Trung ương năm 2014,"Phạm Thu  Hiền, Đào Minh  Tuấn",,Tập 1 S. 2
118,Nghiên cứu đặc điểm miễn dịch và một số yếu tố nguy cơ mắc sởi nặng ở trẻ em năm 2014,"Trần Thanh  Tú, Phạm Thị Lan  Liên, Trần Thị Huyền  Trang, Trần Bình  Nguyên, Trần Mỹ  Hương",,Tập 1 S. 2
119,"Đặc điểm lâm sàng, cận lâm sàng và so sánh một số yếu tố tiên lượng bệnh bạch cầu cấp dòng lympho nhóm nguy cơ cao ở trẻ em tại Bệnh viện Nhi Trung ương",Nguyễn Thị Mai  Hương,,Tập 1 S. 2
113,Dẫn lưu khoang màng phổi ở trẻ em,Tô Mạnh  Tuân,,Tập 1 S. 2
112,Kỹ thuật đặt catheter tĩnh mạch trung tâm từ tĩnh mạch ngoại vi cho trẻ sơ sinh (longline),Lê Thị  Hà,,Tập 1 S. 2
123,Đánh giá kết quả điều trị ngực lồi bằng đai nẹp ngực cải tiến,"Trịnh Quang  Dũng, Nguyễn Hữu  Chút, Nguyễn Thị Hương  Giang, Nguyễn Thu  Thủy, Trần Vĩnh  Sơn",,Tập 1 S. 2
114,Hiệu quả điều trị tăng kali máu bằng salbutamol và insulin trong hồi sức cấp cứu trẻ em,"Đào Hữu  Nam, Phạm Văn  Thắng",,Tập 1 S. 2
122,Nhân một trường hợp châm cứu thành công nói trở lại sau 6 tháng mất tiếng do ức chế tâm lý,"Dương Văn  Tâm, Hoàng Quốc  Hợp",,Tập 1 S. 2
128,"Độ tin cậy thang đo của VADPRS và VADTRS trong chẩn đoán tăng động, giảm chú ý tại Bệnh viện Nhi Trung ương","Thành Ngọc  Minh, Lê Thanh  Hải, Đỗ Mạnh  Hùng",,Tập 1 S. 2
136,"Quan sát kỹ năng giao tiếp của điều dưỡng viên và nhân viên chăm sóc khách hàng tại Khoa khám bệnh - Bệnh viện Nhi Trung ương, năm 2016","Phạm Thu  Hiền, Nguyễn Công  Cường, Đỗ Mạnh  Hùng, Lê Thị  Huân, Vũ Mai  Anh",,Tập 1 S. 2
127,Đánh giá khiếm khuyết về ngôn ngữ - giao tiếp ở trẻ chậm phát triển tinh thần theo thang điểm AGES & Stagesquestionaires (ASQ),"Trịnh Quang  Dũng, Nguyễn Thu  Thủy, Đỗ Mạnh  Hùng",,Tập 1 S. 2
137,Điều dưỡng và tính chuyên nghiệp trong chăm sóc người bệnh,Bùi Thị  Thuỷ,,Tập 1 S. 2
131,Chu sinh và những yếu tố nguy cơ từ mẹ,Khu Thị Khánh  Dung,,Tập 1 S. 1
132,Cập nhật chẩn đoán và điều trị tăng áp phổi trong bệnh viêm phổi mạn tính trẻ em,Đào Minh  Tuấn,,Tập 1 S. 1
151,Màng trao đổi oxy ngoài cơ thể (ECMO) trong nhi khoa,"Trần Minh  Điển, Trịnh Xuân  Long",,Tập 1 S. 1
153,Một số đặc điểm dịch tễ học bệnh nhi tử vong trong 24 giờ tại bệnh viện Sản Nhi Nghệ An,"Lê Thanh  Hải, Trần Văn  Cương, Trần Thị Kiều  Anh",,Tập 1 S. 1
140,Thực trạng nguồn nhân lực hệ thống nhi khoa khu vực phía Bắc năm 2016,"Lê Thị Minh  Hương, Lê Thanh  Hải, Hồ Anh  Tuấn, Lê Lan  Anh, Đỗ Minh  Loan, Cao Hưng  Thái",,Tập 1 S. 1
158,"Kết quả điều trị nang ống mật chủ bằng phẫu thuật nội soi cắt nang, nối ống gan chung hỗng tràng kiểu Roux-en-Y","Phạm Duy  Hiền, Nguyễn Thanh  Liêm, Vũ Mạnh  Hoàn",,Tập 1 S. 1
146,Phẫu thuật nội soi một đường rạch điều trị bệnh đa tiết mồ hôi tay ở trẻ em,"Phạm Duy  Hiền, Nguyễn Văn  Linh, Đỗ Mạnh  Hùng",,Tập 1 S. 1
149,"Viêm phổi không điển hình do clamydia pneumoniae ở trẻ em: tần suất, lâm sàng, cận lâm sàng","Phạm Thu  Hiền, Đào Minh  Tuấn, Phan Lê Thanh  Hương",,Tập 1 S. 1
141,"Một số đặc điểm dịch tễ, lâm sàng và tỷ lệ tử vong của viêm phổi thở máy ở trẻ sơ sinh tại Bệnh viện Nhi Trung ương năm 2012","Lê Kiến  Ngãi, Khu Thị Khánh  Dung",,Tập 1 S. 1
133,"Nghiên cứu đặc điểm lâm sàng, cận lâm sàng viêm phổi do vi khuẩn ở trẻ HIV/AIDS điều trị tại Bệnh viện Nhi Trung ương","Nguyễn Văn  Lâm, Phạm Nhật  An",,Tập 1 S. 1
130,Đánh giá hiệu quả của ghép thận tại Bệnh viện Nhi Trung ương,Nguyễn Thị Thùy  Liên,,Tập 1 S. 1
148,Tổn thương não trong bệnh lý X-linked adrenoleukodystrophy,"Nguyễn Thu  Hà, Nguyễn Ngọc  Khánh, Vũ Chí  Dũng, Nguyễn Thị  Hoàn, Bùi Phương  Thảo, Cấn Thị Bích  Ngọc, Nobuyuki  Shimozawa, Hoàng Anh  Vũ, Nguyễn Phú  Đạt",,Tập 1 S. 1
138,Nghiên cứu ca bệnh: Điều trị enzyme thay thế ở bệnh nhân Hunter đầu tiên tại Việt Nam,"Vũ Chí  Dũng, Cấn Thị Bích  Ngọc, Bùi Phương  Thảo, Nguyễn Ngọc  Khánh, Lê Thanh  Hải",,Tập 1 S. 1
152,Nghiên cứu ca bệnh: điều trị enzyme thay thế ở bệnh nhân Hurler đầu tiên tại Việt Nam,"Cấn Thị Bích  Ngọc, Vũ Chí  Dũng, Bùi Phương  Thảo, Nguyễn Ngọc  Khánh, Lê Thanh  Hải",,Tập 1 S. 1
162,Kiểu gen và kiểu hình của bệnh nhân X-linked adrenoleukodystrophy (X-ald),"Nguyễn Thu  Hà, Nguyễn Ngọc  Khánh, Vũ Chí  Dũng, Bùi Phương  Thảo, Cấn Thị Bích  Ngọc, Lê Thanh  Hải, Nobuyuki  Shimozawa, Hoàng Anh  Vũ, Nguyễn Phú  Đạt",,Tập 1 S. 1
147,Tăng cholesterol máu gia đình đồng hợp tử có biến chứng tim mạch sớm - thông báo ca bệnh,"Đỗ Thị Thanh  Mai, Nguyễn Ngọc  Khánh, Vũ Chí  Dũng, Bùi Phương  Thảo, Cấn Thị Bích  Ngọc",,Tập 1 S. 1
